rank	round	score	one_letter	two_letter	collisions	phrase_collisions	same_finger_stretches	weighted_same_finger_stretches	max_candidates	groups_over_quick	overflow_candidates	added_same_hand	added_distance	same_code_slot_weight	same_code_overflow_weight	phrase_code_collision_weight	key_load_weight	finger_load_weight	hand_load_weight
1	1	7351.871742	7423	79	2102	27	15	0.001240256	4	0	0	0.036047127	4.372108465	3091	118229	1348	0.00713805	1.18365e-05	1.36433e-05
2	933	7387.726435	7423	79	2099	25	15	0.001240256	4	0	0	0.075377560	4.176980561	2930	18253	212	0.00671975314221	2.17028951063e-05	1.65944391377e-05
3	901	7391.244190	7424	78	2100	25	15	0.001240256	4	0	0	0.075894769	4.184395065	2866	17344	196	0.00681683589673	2.11460307919e-05	1.75865662186e-05
4	910	7392.108280	7423	79	2098	29	15	0.001240256	4	0	0	0.076384722	4.172319436	3059	18896	202	0.00706028197569	2.23442523512e-05	1.68311379316e-05
5	824	7394.109096	7424	78	2101	25	15	0.001240256	4	0	0	0.075816623	4.186728844	2949	16136	196	0.00689334694276	2.19022981149e-05	1.56420632748e-05
6	894	7395.281781	7424	78	2100	27	15	0.001240256	4	0	0	0.075842941	4.186743620	2871	16542	210	0.00694194634392	2.18468906202e-05	1.62495178806e-05
7	887	7397.193422	7424	78	2106	30	15	0.001240256	4	0	0	0.076438387	4.176082586	2939	16490	171	0.00712496406876	2.21892675842e-05	1.57547097248e-05
8	929	7397.757538	7422	80	2095	29	15	0.001240256	4	0	0	0.076267742	4.173670570	3126	19385	210	0.0070909503748	2.24101926484e-05	1.72344858934e-05
9	888	7397.826054	7424	78	2105	29	15	0.001240256	4	0	0	0.076384060	4.179041180	2961	16211	206	0.00707632914028	2.18900330542e-05	1.60486497992e-05
10	853	7398.148800	7424	78	2099	26	15	0.001240256	4	0	0	0.075841159	4.191621336	2934	15999	174	0.00684118813031	2.1694239781e-05	1.51261984465e-05
11	859	7400.553918	7424	78	2102	25	15	0.001240256	4	0	0	0.075665092	4.193082852	2884	15488	190	0.00688915872045	2.14132731352e-05	1.61873081925e-05
12	982	7400.785818	7424	78	2102	25	15	0.001240256	4	0	0	0.075548003	4.194017290	2868	17890	200	0.00687878603371	2.18127159681e-05	1.71374674828e-05
13	644	7401.082042	7421	81	2089	26	15	0.001240256	4	0	0	0.075950162	4.179900560	3260	11164	238	0.00675950433779	2.18948246145e-05	1.41398884254e-05
14	972	7401.680375	7424	78	2102	25	15	0.001240256	4	0	0	0.075531756	4.195009326	2934	18778	230	0.00690081437078	2.13092821778e-05	1.60329108055e-05
15	941	7401.784734	7424	78	2103	25	15	0.001240256	4	0	0	0.075383901	4.195000817	2806	17828	224	0.00659689057067	2.14243739272e-05	1.70811335825e-05
16	960	7402.206466	7424	78	2103	25	15	0.001240256	4	0	0	0.075282139	4.196033120	2836	18005	188	0.00668602223778	2.14617267278e-05	1.69917822439e-05
17	999	7402.342235	7424	78	2101	25	15	0.001240256	4	0	0	0.075369713	4.197643447	2874	17712	224	0.00675035629435	2.14770378346e-05	1.65400052231e-05
18	991	7403.101121	7424	78	2101	25	15	0.001240256	4	0	0	0.075547709	4.197334356	2908	18018	202	0.00675226947737	2.14897561899e-05	1.65832498712e-05
19	905	7403.338710	7421	81	2093	26	15	0.001240256	4	0	0	0.075452471	4.181143371	3066	17281	189	0.00681524756937	2.19549966216e-05	1.75405445e-05
20	889	7403.892604	7424	78	2102	26	15	0.001240256	4	0	0	0.075476951	4.196550384	2929	16245	198	0.0068568337901	2.12133724567e-05	1.55961091808e-05
21	959	7404.196561	7424	78	2102	25	15	0.001240256	4	0	0	0.075293736	4.198953633	2864	18706	196	0.0067571026776	2.15539129841e-05	1.53706063259e-05
22	462	7404.465068	7421	81	2099	28	15	0.001240256	4	0	0	0.040556005	4.383648526	3557	34970	249	0.00766942994297	1.32645470077e-05	1.56161085502e-05
23	964	7406.919835	7424	78	2104	29	15	0.001240256	4	0	0	0.075501156	4.194432387	2870	19098	197	0.0066419202878	2.09792663426e-05	1.61265815721e-05
24	921	7408.341154	7421	81	2095	29	15	0.001240256	4	0	0	0.075667867	4.179853437	3094	19698	195	0.00685052350847	2.1951790954e-05	1.64483025062e-05
25	952	7409.639733	7424	78	2114	29	15	0.001240256	4	0	0	0.075688801	4.186026417	2843	17542	198	0.00686442323794	2.15924826155e-05	1.6552993835e-05
26	946	7410.208933	7424	78	2120	29	15	0.001240256	4	0	0	0.075470776	4.181903764	2774	18153	220	0.00677719051845	2.17335159551e-05	1.66080820435e-05
27	661	7410.907386	7422	80	2095	25	15	0.001240256	4	0	0	0.077768662	4.181814904	3424	11259	236	0.00793455113786	2.46449685876e-05	1.67785618173e-05
28	807	7411.240196	7424	78	2116	25	15	0.001240256	4	0	0	0.075725558	4.189406338	2678	15117	213	0.00692127216908	2.20244253163e-05	1.42521604028e-05
29	830	7411.891605	7424	78	2112	29	15	0.001240256	4	0	0	0.075728094	4.190042529	2828	16608	201	0.00664755530964	2.25009135191e-05	1.57120182987e-05
30	872	7411.988652	7424	78	2099	25	15	0.001240256	4	0	0	0.075722047	4.207175855	2952	16383	182	0.00704333131495	2.26395777854e-05	1.65605798234e-05
31	617	7413.159147	7421	81	2094	25	15	0.001240256	4	0	0	0.072698761	4.207486066	2756	12131	162	0.00539306327821	1.52627273266e-05	2.07220103199e-05
32	984	7413.237697	7421	81	2097	25	15	0.001240256	4	0	0	0.075417405	4.188252755	2953	17890	205	0.00658206101854	2.15784704546e-05	1.67795588456e-05
33	996	7413.760519	7424	78	2101	25	15	0.001240256	4	0	0	0.075349478	4.209183140	2926	18583	210	0.00691454826507	2.16543114947e-05	1.70916462592e-05
34	913	7414.095864	7421	81	2094	25	15	0.001240256	4	0	0	0.076101178	4.188008283	3172	19417	201	0.0070694116235	2.1941881294e-05	1.69394404797e-05
35	971	7414.280348	7422	80	2098	26	15	0.001240256	4	0	0	0.075529495	4.194622862	2971	17912	229	0.00670389238214	2.13899057549e-05	1.68020932593e-05
36	152	8003.737036	7406	96	2716	7	15	0.001240256	4	0	0	0.003333368	4.490256312	726	85100	808	0.0010707075	3.02867721032e-06	2.046495e-06
37	74	8045.437129	7425	77	2962	0	15	0.001240256	4	0	0	0.020452727	4.342240253	427	30146	1303	0.0010707075	1.11134506202e-05	1.50382357823e-05
38	564	8406.232769	7281	221	1867	54	15	0.001240256	4	0	0	0.107284116	4.071047561	3617	15609	191	0.00496937398403	2.12614460976e-05	3.80283245735e-05
39	113	11731.066572	6822	680	1409	300	15	0.001240256	3	0	0	0.058457333	4.228842061	2953	13246	0	0.00107688706631	2.24648193806e-06	2.539701659e-05
40	95	7232320.566726	7482	20	2326	16	15	0.001240256	5	57	57	0.053701761	4.493875650	4327	10000	433	0.0194751213858	1.775475e-06	1.06322093968e-05
